ETH Address, Stake, Tier, Participation Weight
0xeda4...eed9,1414,3,5
0xad36...2b36,1072,3,4
0xc675...9a84,150,5,1
0x4f2e...4360,1150,3,4
0xccd9...f58e,515,4,2
0x380d...b101,503,4,2
0xf6b9...aa1c,151,5,1
0x011d...fc83,1000,3,4
0x0ebf...cced,385,5,1
0x705a...635d,1000,3,4
0x586b...4f10,503,4,2
0x7bec...6968,1125,3,4
0xee0b...f39f,1500,3,6
0x26de...8fcf,150,5,1
0x5072...9de1,1069,3,4
0x5394...42d8,1013,3,4
0xbce5...0150,1000,3,4
0x8881...06c3,1000,3,4
0x2d7e...fb97,154,5,1
0x140e...d5aa,503,4,2
0x60ad...2f3b,500,4,2
0xb3d7...8538,1000,3,4
0xb187...a919,506,4,2
0x70cc...c649,1000,3,4
0x396b...d2aa,3001,3,12
0xb00f...0791,1038,3,4
0x467a...654c,216,5,1
0x637c...b7b8,1013,3,4
0xaee9...f049,500,4,2
0xbcb2...3729,1000,3,4
0xf642...95e8,160,5,1
0xc304...3fb5,1000,3,4
0xe5f4...a171,165,5,1
0x0290...2271,155,5,1
0xc8a4...185a,150,5,1
0x1755...dcef,1256,3,5
0x54f9...03dc,500,4,2
0x090c...5f2c,1021,3,4
0xc18a...25ab,502,4,2
0x12cf...041b,508,4,2
0x94d5...1116,151,5,1
0x1785...bbdd,1005,3,4
0xc06a...99a0,1656,3,6
0x7934...be39,1118,3,4
0xc874...2a4e,592,4,2
0xa4a7...f3e6,1001,3,4
0xa95f...d3de,514,4,2
0xc0cd...2d87,535,4,2
0xaf33...882f,1083,3,4
0x53cf...31e7,1002,3,4
0x159d...02fd,1022,3,4
0xde78...9c71,1023,3,4
0x7463...0124,1046,3,4
0x21f2...b313,1004,3,4
0x94bb...7bb2,156,5,1
0x8fdd...5d91,501,4,2
0x5c50...437c,1050,3,4
0x2521...1a80,500,4,2
0x6997...64fd,624,4,2
0x758b...6378,150,5,1
0xfac1...a191,2065,3,8
0x977b...772c,500,4,2
0x9a0f...3092,276,5,1
0xfdc2...3437,185,5,1
0xb8d1...87ae,1113,3,4
0x0717...a857,1000,3,4
0xbb6b...3db4,516,4,2
0xa417...fb07,1002,3,4
0xc24d...27e8,1000,3,4
0xfcf4...a889,1008,3,4
0xf21c...5cc8,1001,3,4
0xaf0e...cbe1,1000,3,4
0xdb8d...9360,1002,3,4
0xcc22...52ca,300,5,1
0x8eb2...e88c,160,5,1
0xfaca...8884,1740,3,6
0xa415...0fcd,3999,3,15
0x7cbd...d05d,2001,3,8
0x51d4...5364,154,5,1
0x57fb...cbbb,2006,3,8
0x49cb...d672,3383,3,13
0x01ef...8e52,740,4,2
0x76c0...7bdf,1045,3,4
0x2b4e...5fb8,500,4,2
0xa674...504c,1010,3,4
0x6625...ca6a,1086,3,4
0x1efa...9253,1019,3,4
0xd4f1...b713,1021,3,4
0xa19e...69cc,160,5,1
0x1920...6546,1947,3,7
0x69d2...eb80,1529,3,6
0xe82c...b03c,501,4,2
0xe209...242f,162,5,1
0x11c4...9142,1007,3,4
0x26da...c726,1094,3,4
0xc74d...77f0,1000,3,4
0x2c8c...e80b,150,5,1
0x121d...c702,157,5,1
0x3a96...f08c,1001,3,4
0xf4e7...4715,153,5,1
0x8932...fa21,1000,3,4
0x6eb4...03e4,2000,3,8
0x86b4...fcf9,500,4,2
0x19c5...22a6,1291,3,5
0xc9e6...a009,500,4,2
0x733a...b3cb,503,4,2
0x8c7f...4619,154,5,1
0x4047...697b,150,5,1
0x46ac...580e,150,5,1
0x9054...3e47,1021,3,4
0xe771...b807,1107,3,4
0x1960...2e37,1004,3,4
0x0776...3829,169,5,1
0x35a2...4b81,1503,3,6
0x6a75...f6c0,696,4,2
0xe0c2...5e2b,2750,3,11
0x8bfb...2558,1007,3,4
0x0474...5a85,1000,3,4
0x32e6...154c,505,4,2
0x4df0...1201,3000,3,12
0x5d88...1495,1000,3,4
0x4eff...98b5,150,5,1
0x1a67...10b1,1000,3,4
0x4f90...c48a,1000,3,4
0xe81f...4dd5,514,4,2
0x71c0...18ba,501,4,2
0x0c4a...15ba,1000,3,4
0x1cae...63ad,500,4,2
0x58a5...3c5e,153,5,1
0x5339...eb03,1001,3,4
0xcc3c...1710,1013,3,4
0x5602...6791,1005,3,4
0xbf8d...7fdc,150,5,1
0x81e3...4f5f,1000,3,4
0x4362...c417,1001,3,4
0xfa51...4dff,1033,3,4
0x7367...1907,1000,3,4
0xb8c9...082e,1800,3,7
0x8ed4...1786,1003,3,4
0x5661...7eeb,1652,3,6
0xf710...439e,150,5,1
0x1c72...03a2,1045,3,4
0x8ca9...45d2,1001,3,4
0xb6fb...bb62,1032,3,4
0x89dd...0ecf,1150,3,4
0x4208...2573,376,5,1
0x4ced...32d6,669,4,2
0x9f1e...fabe,1150,3,4
0x5c0d...8df4,501,4,2
0x61e2...ebf1,1010,3,4
0x760e...e8fe,1006,3,4
0xee06...08b6,524,4,2
0xd8bf...25a4,1524,3,6
0x26d1...6f19,1004,3,4
0x0cb0...59c8,503,4,2
0x319c...c6c1,188,5,1
0xfa18...9e26,170,5,1
0xd434...bc86,1000,3,4
0xd6a5...ba07,501,4,2
0xa403...bc0f,1000,3,4
0x4225...20da,1000,3,4
0x1190...b27f,750,4,2
0x5390...462f,503,4,2
0xc495...4a36,1009,3,4
0x8558...e58c,1019,3,4
0xd32f...41a8,1005,3,4
0x5c98...e3cb,1549,3,6
0xc815...10dc,1000,3,4
0x61f4...75d3,1002,3,4
0x6ac6...680b,1000,3,4
0xcc52...25f3,540,4,2
0xe3f7...86dc,1010,3,4
0x12e6...e14d,1577,3,6
0xc96f...6bcb,500,4,2
0x4e9b...39d6,362,5,1
0xa8dd...78f7,500,4,2
0xf8d2...9e71,1015,3,4
0x559c...0ee7,150,5,1
0x2af4...b350,1010,3,4
0x5948...f6a8,1000,3,4
0xdbcf...e9e3,150,5,1
0xd624...d0c1,502,4,2
0x79f1...cb4c,1001,3,4
0x0610...4e74,1013,3,4
0x490a...e26e,1000,3,4
0x627b...2909,155,5,1
0xf20f...1906,1006,3,4
0x0f85...c617,505,4,2
0x0217...d69f,500,4,2
0xbaf7...c406,1756,3,7
0x39a9...586a,1002,3,4
0xb73a...4568,503,4,2
0x844e...b353,502,4,2
0x570c...e9d0,1049,3,4
0x754a...e5c1,1553,3,6
0xd045...9e44,1019,3,4
0x580c...b05b,500,4,2
0xaea3...36f6,1000,3,4
0x1ea5...b603,175,5,1
0x8c43...872a,1021,3,4
0x00ac...d697,1000,3,4
0xfbd0...c2b1,503,4,2
0xb29d...3a3b,1001,3,4
0x2e56...e83d,1222,3,4
0xbf86...74cb,1000,3,4
0x1089...4b57,154,5,1
0x20cb...f32d,1047,3,4
0x13f8...8c18,1000,3,4
0x9c4c...f509,1001,3,4
0xa75f...84e9,1012,3,4
0xd4ad...740d,1050,3,4
0xf07b...5f51,1000,3,4
0x0f9f...bd3b,1258,3,5
0x704e...5f3c,1005,3,4
0x1dc1...8a20,151,5,1
0xcad3...700b,512,4,2
0x93cf...f568,1010,3,4
0xa863...52ee,1260,3,5
0xa9a0...7062,500,4,2
0x04c1...a1aa,1021,3,4
0xcee4...68aa,1005,3,4
0x6934...9345,150,5,1
0xae59...83c2,1408,3,5
0xb1d5...0357,1000,3,4
0x14ed...83a4,1001,3,4
0x4660...9980,1000,3,4
0xe5c3...20b6,160,5,1
0x4e65...c954,1000,3,4
0xbfad...ad6c,1000,3,4
0xfe37...9f2a,1003,3,4
0xcdd2...be55,360,5,1
0xfde6...408b,1002,3,4
0x8e2b...6c01,204,5,1
0xdbe9...80dc,1000,3,4
0x189f...c136,3541,3,14
0x41ad...c4fa,153,5,1
0x73a9...8054,208,5,1
0x8ec2...d13a,1000,3,4
0xfe84...8cb8,1000,3,4
0x794c...7bbe,150,5,1
0x608b...dc47,500,4,2
0xb114...7bde,503,4,2
0x3c71...7ffb,182,5,1
0x9617...d0de,1000,3,4
0x38ed...7314,150,5,1
0x579a...d5e5,1002,3,4
0x97d3...a281,1001,3,4
0x584d...14ac,1025,3,4
0x7c11...8a44,1006,3,4
0x5a01...0760,1000,3,4
0x787d...e18e,1000,3,4
0x2a37...e4a4,160,5,1
0x7c13...663a,205,5,1
0x1671...3aba,672,4,2
0x7dba...9e2c,1000,3,4
0x7676...9973,150,5,1
0x490e...4d0a,503,4,2
0x0ed4...3481,500,4,2
0xcfbe...cf5c,1042,3,4
0x22a3...5128,501,4,2
0xb47e...66ac,1003,3,4
0x005c...c6ed,504,4,2
0x490c...cf40,1000,3,4
0x49cb...ca2b,513,4,2
0xdba5...ba62,155,5,1
0x2e95...61f2,1307,3,5
0x2c40...88d1,1112,3,4
0x06be...e5eb,1040,3,4
0xed42...dc6d,1016,3,4
0xeaf5...0fe1,500,4,2
0x891e...5c44,186,5,1
0x991f...4be1,1000,3,4
0x0793...f126,1002,3,4
0xb3b8...881b,1232,3,4
0x5142...5013,503,4,2
0x537c...cadf,155,5,1
0xaba6...4ba9,150,5,1
0x630c...1010,170,5,1
0x7c5a...2afe,174,5,1
0x4502...ba5e,180,5,1
0x67a8...2eb6,503,4,2
0xb463...22c9,500,4,2
0xc91a...c971,150,5,1
0x6c17...a444,503,4,2
0x607c...393d,506,4,2
0xf5b1...8229,199,5,1
0xb5cd...d849,151,5,1
0xd5ea...6b0d,150,5,1
0xb7e0...7c5c,1003,3,4
0xa839...74d1,1005,3,4
0x644c...b31a,1002,3,4
0xac30...74d0,150,5,1
0x5821...f1f6,1002,3,4
0x818d...5c50,1000,3,4
0xee5e...d4b4,1007,3,4
0x00f3...131b,1000,3,4
0xa3dc...07b2,508,4,2
0x6100...9ebf,513,4,2
0xc697...5e0e,1007,3,4
0x7358...bfea,1012,3,4
0x3d52...0e63,1521,3,6
0xdb9d...37ca,1004,3,4
0xd8d0...4477,181,5,1
0x6a9d...7a20,204,5,1
0xf43f...8117,150,5,1
0xf813...9797,510,4,2
0xc17a...7828,1240,3,4
0x9de4...0116,507,4,2
0xf3cc...48b3,503,4,2
0xdaf6...a240,1450,3,5
0x7361...fda6,2219,3,8
0x11c0...04f6,1130,3,4
0x773e...2446,1019,3,4
0x1708...f578,1018,3,4
0x5d1a...b6e3,1000,3,4
0x5722...9e5f,1001,3,4
0xfd78...8601,1250,3,5
0x41f2...e9b7,1000,3,4
0x3719...215c,195,5,1
0xfa7f...c664,500,4,2
0x1abb...79cd,1002,3,4
0x9760...01f4,500,4,2
0x627d...66c7,500,4,2
0x057e...99fb,164,5,1
0xfb34...3413,500,4,2
0x83a3...a3be,1057,3,4
0xe73e...0f6f,166,5,1
0xfbde...b2a2,150,5,1
0x4f83...e1b6,1013,3,4
0x4e70...711e,150,5,1
0x4b05...7b5c,1250,3,5
0xd30c...7967,2175,3,8
0xcfa8...9079,193,5,1
0x1991...5e6b,500,4,2
0x197f...7955,150,5,1
0xc627...ca7e,1250,3,5
0x2648...8615,1001,3,4
0x0770...b916,1115,3,4
0xc4f0...b914,1350,3,5
0xeb35...a5ac,2582,3,10
0xc723...3890,151,5,1
0xa1fb...6492,1015,3,4
0x2348...35e1,1040,3,4
0xdc84...b2cf,155,5,1
0x78d0...ba97,300,5,1
0x9530...6cfa,510,4,2
0xdbbc...6399,1001,3,4
0x4ba1...213e,160,5,1
0x4f24...3c59,1010,3,4
0x32e6...84e0,1004,3,4
0x4fbc...90e1,2029,3,8
0xac79...7ea1,1016,3,4
0x9e13...8215,1000,3,4
0x32c7...2e94,203,5,1
0xbefc...db98,1042,3,4
0x7269...2613,1025,3,4
0x736c...c7b5,501,4,2
0xa275...6335,1007,3,4
0xa485...bbf2,155,5,1
0x197c...9ffa,1059,3,4
0xc205...1bda,1027,3,4
0x8016...c8b6,500,4,2
0x99f6...a375,1006,3,4
0x148a...e04e,1002,3,4
0x3dba...e310,500,4,2
0x1045...28ac,1001,3,4
0xee3a...b094,1056,3,4
0x19bb...1cc4,155,5,1
0x8f86...0fb2,1315,3,5
0x252e...8586,1064,3,4
0xce78...d8fa,651,4,2
0xfce4...4eee,150,5,1
0x0693...522e,1002,3,4
0x4ebe...1893,1001,3,4
0xef30...1f02,1084,3,4
0x2435...c9f4,1000,3,4
0xdb3b...58a4,1001,3,4
0x52ce...122c,510,4,2
0x6a5f...ccd4,1000,3,4
0x33d7...9ab7,1014,3,4
0x65f5...6b31,572,4,2
0xbcca...4154,150,5,1
0xf692...425e,1020,3,4
0xdf59...84e5,150,5,1
0xa39e...8314,1000,3,4
0xb017...4548,152,5,1
0xd41f...766a,154,5,1
0x591b...e4be,501,4,2
0x6b9b...1b58,500,4,2
0x23d3...5936,1002,3,4
0xb117...1432,1035,3,4
0xaf9b...ec96,152,5,1
0xa788...ecd4,1018,3,4
0xefb9...5ea0,1153,3,4
0x398e...2a18,151,5,1
0x80e7...88b7,1001,3,4
0xcf28...d82e,151,5,1
0x6f83...ab5c,151,5,1
0x6437...c60e,1000,3,4
0x85e0...df70,200,5,1
0x8635...ae37,1005,3,4
0x3b7b...7245,501,4,2
0x3146...af50,1272,3,5
0xcdd4...6fa3,197,5,1
0x8f99...3fe9,150,5,1
0x833d...29bf,1074,3,4
0x4b54...36a0,503,4,2
0x16a6...8ca1,500,4,2
0x9121...39f5,510,4,2
0x2ad9...8d14,1010,3,4
0x5358...76fc,1045,3,4
0x183e...120e,1006,3,4
0xd114...b6c4,1369,3,5
0xfa2e...d5b6,153,5,1
0x2dc4...35e7,503,4,2
0x73b6...82f8,1026,3,4
0xa9f6...191c,500,4,2
0x3dc4...51cf,501,4,2
0xbd78...afaa,1003,3,4
0x7f1b...4bfa,1000,3,4
0xc464...8e5f,1071,3,4
0x7a85...6639,513,4,2
0x02c2...b179,1000,3,4
0xacc5...2b82,654,4,2
0xce6c...6894,1000,3,4
0x26d3...ff5e,173,5,1
0x2a8b...be2f,150,5,1
0x6725...264b,500,4,2
0x4627...bba3,1029,3,4
0x0c96...bada,150,5,1
0x796b...180c,151,5,1
0x1ca8...1f2a,151,5,1
0x82bc...f958,153,5,1
0x2609...6a99,1000,3,4
0x5e5a...e622,500,4,2
0x64c8...9100,1007,3,4
0x1eb9...9854,150,5,1
0x888b...847b,1004,3,4
0x7b56...57a2,1011,3,4
0xe7f3...6f3f,1000,3,4
0xeb61...507e,501,4,2
0xc583...5d5c,1008,3,4
0x6812...7690,501,4,2
0xb880...bacd,1000,3,4
0x00e9...d60a,1000,3,4
0x980b...53a2,2001,3,8
0x4388...240a,152,5,1
0xe7da...875d,1007,3,4
0x6d34...e4a4,515,4,2
0xb83d...cc34,181,5,1
0xe35e...23c2,1000,3,4
0x7ba1...cf2f,330,5,1
0x28bf...9322,507,4,2
0x36e0...52bd,1000,3,4
0x9279...bec9,500,4,2
0x6046...7e57,1007,3,4
0x1293...0b2e,553,4,2
0xbcf1...8bf7,1011,3,4
0xe86d...5136,1008,3,4
0x8a31...d95d,1012,3,4
0xd702...250f,1005,3,4
0x4cf2...f852,1013,3,4
0xe63c...5ed5,155,5,1
0x7a78...f9d3,1001,3,4
0xd82c...0390,200,5,1
0x0099...208b,1001,3,4
0x86fe...f277,152,5,1
0x34b0...2bf8,502,4,2
0x34dc...a523,1008,3,4
0x94c9...2c78,156,5,1
0x9305...6f93,300,5,1
0x933d...b244,1077,3,4
0xef18...4391,150,5,1
0x5967...a437,1011,3,4
0x7d9c...7ee2,160,5,1
0xcaab...5d41,500,4,2
0x6f66...e856,1095,3,4
0xad3f...6606,519,4,2
0xcfab...293f,500,4,2
0xa099...dbce,1000,3,4
0x135d...0470,1000,3,4
0x197f...7d4b,1104,3,4
0xafea...eea3,158,5,1
0x65d3...4381,500,4,2
0x2863...8031,1201,3,4
0x9d9b...c9b2,500,4,2
0x11e7...3bf0,1000,3,4
0x0ec6...0e90,500,4,2
0x0a5c...cc22,1511,3,6
0xc554...df5c,161,5,1
0x145c...daa7,1001,3,4
0x5b0e...744a,151,5,1
0x64ed...0841,155,5,1
0xc6e1...0d97,1000,3,4
0x0837...d50f,152,5,1
0x53ff...1414,701,4,2
0x9980...4f3b,1007,3,4
0x058a...b4e1,151,5,1
0x4581...2b2a,191,5,1
0xb737...a2a4,1000,3,4
0x6fd6...d7c7,1000,3,4
0xc832...0a0e,507,4,2
0xe923...a2fb,163,5,1
0xf0ce...5cd8,165,5,1
0xcbb5...b4c3,150,5,1
0xc284...c712,559,4,2
0x5c22...c7ec,160,5,1
0x360f...cc95,1000,3,4
0x586d...e8ef,180,5,1
0xeb00...11c3,1010,3,4
0x13f9...865f,1007,3,4
0xdc51...5879,494,5,1
0xb8d6...cb2d,167,5,1
0x30ee...19e7,150,5,1
0x28e7...d7d5,507,4,2
0x1e34...6ebe,508,4,2
0x2b67...358f,1010,3,4
0x68da...8e9a,1000,3,4
0x1643...fb98,1020,3,4
0xcac5...a147,1045,3,4
0x11c7...b2e0,500,4,2
0x93f5...b0ed,157,5,1
0x14f5...96b7,153,5,1
0xb1c7...38e3,1000,3,4
0x09f1...b3c9,504,4,2
0x72ca...6c9a,151,5,1
0x4f21...d00e,1007,3,4
0x7841...8dbc,1000,3,4
0x3265...6426,150,5,1
0xcc4e...1949,256,5,1
0x6d6d...8855,518,4,2
0x48ed...28b4,300,5,1
0x0e26...dadb,1001,3,4
0x43ba...7162,1014,3,4
0x6b75...3987,150,5,1
0xc20d...ff31,150,5,1
0x571a...e2e1,155,5,1
0xc66f...f707,1001,3,4
0x6229...c742,1002,3,4
0xa6c0...1170,150,5,1
0xb17d...d97e,1001,3,4
0xbdcb...0e9d,502,4,2
0x7bbc...eadf,500,4,2
0x32d5...5c8e,1018,3,4
0x4bf0...8e01,150,5,1
0x31e2...a737,152,5,1
0x6b4d...8d1a,150,5,1
0x64a2...e289,502,4,2
0xb677...7add,1012,3,4
0xabdb...e5cf,214,5,1
0x4254...b20f,1000,3,4
0xf775...dbe8,151,5,1
0x3243...904c,203,5,1
0x131f...41b9,664,4,2
0xb5f9...94f9,1000,3,4
0xa7e2...1303,194,5,1
0x1276...9433,1082,3,4
0x6f18...95d2,160,5,1
0x45ba...cba6,1000,3,4
0x8639...1063,1001,3,4
0x6fbb...6167,500,4,2
0xe969...0e12,151,5,1
0x7591...c6e2,1001,3,4
0xb7a1...1253,1278,3,5
0xd546...2354,501,4,2
0x274d...2d12,184,5,1
0xd71a...9e22,1010,3,4
0xddd2...9d32,500,4,2
0x6516...4073,184,5,1
0xde88...0951,150,5,1
0x0e4f...e6f8,505,4,2
0x0bc4...34b5,1000,3,4
0x9057...9185,170,5,1
0x4a51...6b04,206,5,1
0xc1de...41b7,520,4,2
0x5bff...9ef5,163,5,1
0x8571...49ce,500,4,2
0x1682...4efb,216,5,1
0xf8b7...d1c8,155,5,1
0xe011...5b54,1000,3,4
0x0456...f294,344,5,1
0x17a5...1eed,150,5,1
0x4f7c...30d7,346,5,1
0x13e0...95b3,150,5,1
0x9fbf...f1df,150,5,1
0xc526...4cd3,506,4,2
0x9003...76d2,154,5,1
0x1e60...ccfa,150,5,1
0x6e42...eb80,1002,3,4
0xed6e...e1b4,1000,3,4
0xaf03...87af,670,4,2
0x0edd...1f40,150,5,1
0xdcae...82c4,163,5,1
0x2d6c...0116,155,5,1
0xf097...610e,1000,3,4
0xb97a...86c6,500,4,2
0xdf2e...dc80,1000,3,4
0x0cbf...d692,1109,3,4
0xe7db...e399,150,5,1
0x7e0b...2b29,1000,3,4
0xe7c0...16ed,150,5,1
0x4614...b23a,1000,3,4
0x7160...8796,158,5,1
0xaa4e...f3bb,152,5,1
0xda50...1843,153,5,1
0x2f67...03b9,1007,3,4
0xb30f...cb8d,507,4,2
0xf3b7...e657,500,4,2
0xa415...5205,160,5,1
0x6403...3a8c,500,4,2
0xec45...c665,151,5,1
0xbd84...6a35,1000,3,4
0x774f...991c,154,5,1
0x831c...c4e7,1002,3,4
0x581b...c615,500,4,2
0xacbb...0e5a,522,4,2
0x91b9...5d48,154,5,1
0x6398...7603,155,5,1
0xc178...6829,152,5,1
0x242f...5d18,1000,3,4
0x431b...32b6,159,5,1
0x77e3...3026,150,5,1
0x3238...5564,500,4,2
0xf4c4...ef5c,150,5,1
0xd166...61ec,1001,3,4
0xc37e...2ca7,150,5,1
0x9ba9...fe11,236,5,1
0x6bcb...a42a,150,5,1
0xbf99...22d5,1000,3,4
0xaa26...e3bf,151,5,1
0x6d9f...ec2e,176,5,1
0xfcca...45a6,150,5,1
0x866a...9724,160,5,1
0xa0dd...f22d,160,5,1
0xe3b8...81b5,154,5,1
0x76f3...03db,150,5,1
0x210f...0d7a,155,5,1
0x302d...5ade,501,4,2
0xc3f0...d499,179,5,1
0x0052...52c1,500,4,2
0xe7b3...5f5c,1000,3,4
0x81d1...d8b9,154,5,1
0x52c2...fac9,150,5,1
0x6632...bc0b,1052,3,4
0x9b8e...6f68,156,5,1
0xb1c8...7eae,500,4,2
0x7a04...3fa2,500,4,2
0xc459...4102,153,5,1
0xbe68...d837,151,5,1
0x8d54...d14c,500,4,2
0xd5b5...6d37,158,5,1
0xdaab...4363,501,4,2
0x4b9e...1116,1002,3,4
0x68c3...c44c,153,5,1
0x6a49...df8c,500,4,2
0x1ec4...3fb6,1000,3,4
0xd48e...aab2,213,5,1
0xa03c...0e9e,150,5,1
0x1183...fa99,151,5,1
0x9367...649c,150,5,1
0x9424...d9dc,1013,3,4
0x5cba...53ba,1021,3,4
0xce3f...3c06,1000,3,4
0x83f3...e057,503,4,2
0x01ed...c55e,506,4,2
0x5466...f544,511,4,2
0xf384...e554,151,5,1
0xf6dc...068d,162,5,1
0x2486...2b09,196,5,1
0xe87d...8adf,1050,3,4
0xc7a3...3d7b,430,5,1
0x914d...0774,504,4,2
0x5b97...67dc,154,5,1
0x303d...8d8f,501,4,2
0xb5a6...f0e2,153,5,1
0x6792...fe5a,150,5,1
0xc287...08ed,1012,3,4
0x3ed1...d451,1084,3,4
0x99dd...4093,1010,3,4
0x627f...bd13,153,5,1
0x3a10...9476,162,5,1
0x9a33...34bf,1006,3,4
0x6b04...df93,273,5,1
0x10c8...7816,150,5,1
0x4e66...db70,150,5,1
0x88f3...a870,150,5,1
0xb61a...ac73,1000,3,4
0x3a73...4ad7,1028,3,4
0x4a9c...cb66,151,5,1
0x3a4a...e3d6,180,5,1
0x3aab...f261,153,5,1
0x43dc...fef8,150,5,1
0x0538...91b2,1000,3,4
0x2a1b...923a,219,5,1
0x2c0b...afc3,525,4,2
0x7457...93f4,1000,3,4
0x7c0d...2e22,223,5,1
0xb27f...0343,150,5,1
0x409b...9f00,150,5,1
0xe859...05af,501,4,2
0x44c9...e42e,500,4,2
0xb6a6...def7,155,5,1
0x9084...9723,175,5,1
0xfa10...7714,153,5,1
0xad79...07b6,151,5,1
0x71ec...d3be,150,5,1
0xc0af...89ee,152,5,1
0x6362...df9b,150,5,1
0x8e8b...a22c,157,5,1
0x9c53...3a13,515,4,2
0xd2f1...9a08,163,5,1
0x30d9...f7cb,500,4,2
0xe62d...21f0,151,5,1
0xb676...5bce,1000,3,4
0x868e...b7e6,501,4,2
0xc95e...3f23,153,5,1
0x6932...1424,224,5,1
0x9d2e...bbe6,500,4,2
0x3e30...1708,502,4,2
0x21fe...7a02,155,5,1
0x685c...8bc9,548,4,2
0xf9c8...f059,548,4,2
0xf9f8...5974,1001,3,4
0x648e...0e33,1008,3,4
0x14d4...ca76,150,5,1
0x9702...7664,161,5,1
0x1d7a...f400,500,4,2
0xcd10...2fa9,525,4,2
0x80cd...d7c7,160,5,1
0xfd31...7030,151,5,1
0x639c...621d,223,5,1
0xde53...4675,150,5,1
0x422c...c5dd,1000,3,4
0x0885...9526,183,5,1
0x6adc...08fc,150,5,1
0x1e85...a8f5,220,5,1
0x9096...0b40,509,4,2
0xf7e1...38f6,1005,3,4
0x68b3...16db,674,4,2
0x4f3f...4a31,152,5,1
0xd3ae...77e7,1004,3,4
0x193a...e8ac,151,5,1
0xdb90...e275,150,5,1
0x235f...22d2,150,5,1
0xaa6b...a173,150,5,1
0x89e4...c382,160,5,1
0x82b4...c00b,150,5,1
0xa796...cec3,160,5,1
0x7acc...b39e,500,4,2
0xf46d...3171,1042,3,4
0xcf73...77e5,500,4,2
0x3d5d...3d7e,151,5,1
0xfe10...e862,155,5,1
0xe6c9...ad57,1010,3,4
0x6cce...29fc,500,4,2
0x0b76...5612,150,5,1
0xf31c...8a7f,155,5,1
0xb1ac...3a56,150,5,1
0x87f5...a695,150,5,1
0x97ec...6050,500,4,2
0xb607...4e40,150,5,1
0xc515...29e3,150,5,1
0x2d32...4ff5,510,4,2
0xfc53...b92c,150,5,1
0xeea7...4bc3,150,5,1
0x0b46...dfca,151,5,1
0xe3b7...393f,155,5,1
0x26a5...e144,502,4,2
0xf64d...09b0,243,5,1
0xa3dd...d063,153,5,1
0xca84...67b7,207,5,1
0x9fa6...dac8,513,4,2
0xc29c...9496,153,5,1
0x0466...be97,547,4,2
0x3aed...091a,407,5,1
0x80d5...ef9a,164,5,1
0xaa67...c1f0,155,5,1
0x70e3...3ab5,200,5,1
0x1e9b...72d4,501,4,2
0x0d51...d862,500,4,2
0x6c13...bfb4,155,5,1
0x78a8...5bc7,150,5,1
0xad88...c82c,535,4,2
0xdce6...c9d5,165,5,1
0x0752...c807,501,4,2
0x3fea...f831,500,4,2
0xa67d...a6a8,150,5,1
0x2099...c80c,153,5,1
0x2443...3332,151,5,1
0x1c72...d414,510,4,2
0x2239...8d3e,152,5,1
0x0ba9...e8f5,504,4,2
0xde8f...198b,158,5,1
0x470f...8b95,1038,3,4
0x56e5...ad54,166,5,1
0x1b58...1e91,155,5,1
0x4db3...bc3f,151,5,1
0x4228...9599,157,5,1
0x2ce3...1635,503,4,2
0xa728...b4f6,501,4,2
0xf712...48d2,150,5,1
0x58db...2ba4,157,5,1
0x896b...d2c8,505,4,2
0x6796...8ee6,150,5,1
0xfc88...c03e,500,4,2
0xb223...9f2c,150,5,1
0xdc9c...7484,157,5,1
0x03c6...4f17,282,5,1
0xb231...528b,151,5,1
0x8540...d314,162,5,1
0x1942...a5bf,151,5,1
0x960d...f00f,180,5,1
0x5775...52fb,153,5,1
0xb3ca...91e8,203,5,1
0xeb20...6eaa,152,5,1
0x3667...f4b8,158,5,1
0x69d5...32b5,150,5,1
0xa195...e312,150,5,1
0x52f8...7434,150,5,1
0x1563...5ba0,501,4,2
0x23f8...0724,150,5,1
0x98c4...7b5f,150,5,1
0xa7db...30c7,180,5,1
0xe232...f822,500,4,2
0x127c...5811,156,5,1
0x75c9...0fd3,160,5,1
0xef59...d3db,150,5,1
0x68ee...0ad8,169,5,1
0xfe6a...14f4,301,5,1
0x0b40...4f11,298,5,1
0x6445...c7a4,151,5,1
0x3986...6f04,154,5,1
0x9bcd...d353,150,5,1
0x5976...26ab,150,5,1
0x4ce7...4244,365,5,1
0xd2d5...86fb,152,5,1
0xbb2d...5fd4,168,5,1
0xcbfd...ceb4,150,5,1
0xb47f...cad3,150,5,1
0x9396...a448,188,5,1
0xac84...8ca1,150,5,1
0x025a...69dc,285,5,1
0x9e7f...805f,150,5,1
0xaaab...bf32,150,5,1
0x23c7...7f2d,168,5,1
0x4761...e31f,152,5,1
0xcea3...b050,150,5,1
0xb5e6...94f2,150,5,1
0x5dc3...a310,158,5,1
0xaa97...b82d,150,5,1
0x0386...e998,201,5,1
0x277e...933a,150,5,1
0x69cf...1b6e,510,4,2
0xd1b2...7343,155,5,1
0x4006...6d15,157,5,1
0x3c08...8218,153,5,1
0xdb83...8404,316,5,1
0x4590...662b,157,5,1
0x87d2...07b0,500,4,2
0xae4f...8373,150,5,1
0x3205...b960,150,5,1
0x97c5...07e3,155,5,1
0x7e5e...7eb6,153,5,1
0x465d...d894,514,4,2
0x261b...bdeb,150,5,1
0xbf51...839c,152,5,1
0xa767...799c,150,5,1
0xc8e0...b819,168,5,1
0x253b...7131,228,5,1
0xff2a...750f,150,5,1
0x0d4a...e578,200,5,1
0x507e...5d3b,150,5,1
0xa338...a60f,150,5,1
0x9221...dfef,150,5,1
0x9849...7783,150,5,1
0x876c...8f48,150,5,1
0x5927...c435,150,5,1
0xce6d...6059,155,5,1
0xac25...d2ec,500,4,2
0xa8d1...c116,501,4,2
0x967b...8273,151,5,1
0x3958...f104,150,5,1
0x4186...8cff,151,5,1
0x22c4...73f0,200,5,1
0x5bb0...10a8,151,5,1
0xacf1...53c2,159,5,1
0x712a...b78e,156,5,1
0x9a63...9976,156,5,1
0xb6ae...e316,160,5,1
0x8772...1a98,157,5,1
0x8776...eb89,252,5,1
0xc066...bc28,150,5,1
0x76db...ec6a,189,5,1
0xbf80...32a1,150,5,1
0x0f6c...59d1,230,5,1
0xacf1...c686,165,5,1
0xcc45...a3a0,256,5,1
0x0d97...56d1,150,5,1
0x8d11...898a,203,5,1
0x8a42...be70,150,5,1
0xfb29...a41d,151,5,1
0xfaf2...d1c6,250,5,1
0x82b7...369e,173,5,1
0xc159...69c8,160,5,1
0xf052...c987,150,5,1