ETH Address, Stake, Tier, Participation Weight
0xdb3b...58a4,1001,3,4
0xb330...fba1,234,5,1
0xd702...250f,1005,3,4
0x8932...fa21,1000,3,4
0xb497...d51b,1000,3,4
0x0e26...dadb,1001,3,4
0xde78...9c71,1023,3,4
0x5821...f1f6,1002,3,4
0xe3f7...86dc,1010,3,4
0x2b4e...5fb8,500,4,2
0xeb00...11c3,1010,3,4
0x96c3...3403,1012,3,4
0x5394...42d8,1013,3,4
0xf692...425e,1020,3,4
0x6932...1424,224,5,1
0x507e...5d3b,150,5,1
0x8d05...c039,1011,3,4
0x51bd...dd53,199,5,1
0x991f...4be1,1000,3,4
0x076a...bf30,1004,3,4
0x06be...e5eb,1040,3,4
0x090c...5f2c,1021,3,4
0xcb85...a39a,1466,3,5
0x49cb...d672,3383,3,13
0x23d3...5936,1002,3,4
0x3cbe...c821,1938,3,7
0x4f2e...4360,1150,3,4
0xb804...8237,1000,3,4
0xc459...4102,153,5,1
0x58be...5c04,150,5,1
0x27d1...492c,3999,3,15
0x11e7...3bf0,1000,3,4
0x11e0...8c14,1010,3,4
0x61a6...c322,630,4,2
0x11c0...04f6,1130,3,4
0x42f3...4bb4,150,5,1
0x584d...14ac,499,5,1
0x4eff...98b5,150,5,1
0x6265...c58a,1001,3,4
0x6f29...28bc,500,4,2
0x76f3...03db,150,5,1
0x1785...bbdd,1005,3,4
0xec45...c665,151,5,1
0x77e3...3026,150,5,1
0x7ef4...5370,1554,3,6
0x1920...6546,1947,3,7
0xc464...8e5f,1071,3,4
0x3a96...f08c,1001,3,4
0x97a8...cd95,1219,3,4
0x0f9f...bd3b,1258,3,5
0xda58...4dab,150,5,1
0x9264...e2d8,1001,3,4
0x90a1...0ac8,1000,3,4
0x8e16...dcc4,1001,3,4
0xa538...8c0e,331,5,1
0xdba5...ba62,155,5,1
0x89e2...4db7,223,5,1
0x197c...9ffa,1059,3,4
0xb3d7...8538,1000,3,4
0x11c7...b2e0,500,4,2
0xc840...a3d0,1000,3,4
0x301e...d2c2,160,5,1
0xf4e7...4715,153,5,1
0x5d20...2b8f,781,4,2
0xcea3...b050,150,5,1
0xcee4...68aa,1005,3,4
0xe232...f822,500,4,2
0xda5e...bc36,150,5,1
0x1aaa...dbcb,150,5,1
0xe771...b807,1107,3,4
0xaaef...3752,1019,3,4
0x7f1b...4bfa,1000,3,4
0xbc1d...490d,570,4,2
0x4627...bba3,1029,3,4
0xa0dd...f22d,160,5,1
0xe224...c1bc,188,5,1
0x189f...c136,3541,3,14
0xd049...2e9f,502,4,2
0x8ec2...d13a,1000,3,4
0x79d8...acf9,500,4,2
0x4f21...d00e,1007,3,4
0xc3f0...d499,179,5,1
0xc5f1...8a0a,500,4,2
0x0bc4...34b5,1000,3,4
0x43ba...7162,1014,3,4
0xb8d1...87ae,1113,3,4
0x648e...0e33,1008,3,4
0x685c...8bc9,548,4,2
0x00f3...131b,1000,3,4
0x88a5...f51d,1010,3,4
0x1a67...10b1,1000,3,4
0xbefc...db98,1036,3,4
0xa1e8...552b,3999,3,15
0x760e...e8fe,1006,3,4
0xf18c...e9ff,1003,3,4
0x0451...44d7,1501,3,6
0xf710...439e,150,5,1
0xa6c9...2165,3157,3,12
0x34dc...a523,1008,3,4
0xeaf5...0fe1,500,4,2
0x7cbd...d05d,2001,3,8
0x4225...20da,1000,3,4
0xed6e...e1b4,1000,3,4
0xf21c...5cc8,1001,3,4
0x274d...2d12,184,5,1
0x145c...daa7,1001,3,4
0x758b...6378,150,5,1
0x2689...9245,150,5,1
0x9c53...3a13,515,4,2
0xb677...7add,1012,3,4
0x88c0...62ab,1000,3,4
0x70e3...3ab5,200,5,1
0x4ebe...1893,1001,3,4
0xd624...d0c1,151,5,1
0xb07a...6d3c,1003,3,4
0x579a...d5e5,1002,3,4
0x78bb...fc30,1064,3,4
0x88bf...6ad3,226,5,1
0x571a...e2e1,155,5,1
0x6669...9f99,150,5,1
0xd114...b6c4,1369,3,5
0x66d8...2494,1627,3,6
0x0717...a857,1000,3,4
0x23ba...41bd,500,4,2
0xe3f5...e62c,151,5,1
0xb880...bacd,1000,3,4
0x32e6...154c,505,4,2
0xb0f7...b223,1057,3,4
0xca4e...6894,1016,3,4
0xee7c...9990,1004,3,4
0xb2a5...ddc7,249,5,1
0x32e9...2017,1103,3,4
0x11c4...9142,1007,3,4
0x85b8...c928,1095,3,4
0x12cf...041b,508,4,2
0xdaf6...a240,1450,3,5
0x007e...eb8f,1002,3,4
0xd48e...aab2,213,5,1
0xe6c9...ad57,1010,3,4
0x0b4f...5be1,151,5,1
0xe5c2...4a4c,2070,3,8
0xc495...4a36,1009,3,4
0xd30c...7967,2175,3,8
0x69d2...eb80,1529,3,6
0x5cba...53ba,1021,3,4
0xa8d1...c116,501,4,2
0xfe10...e862,155,5,1
0xe51c...e238,1001,3,4
0x3aab...f261,153,5,1
0x607c...393d,506,4,2
0x754a...e5c1,1553,3,6
0x8e5e...a80f,1010,3,4
0x19bb...1cc4,515,4,2
0xb488...c98d,1002,3,4
0x0cf4...a9fa,1083,3,4
0x140e...d5aa,503,4,2
0x1b8c...fa59,2095,3,8
0x6b2b...fb65,1016,3,4
0xe7da...875d,1007,3,4
0x1089...4b57,154,5,1
0xa417...fb07,1002,3,4
0xaf0e...cbe1,1000,3,4
0xb2e1...efd2,1119,3,4
0x34b0...2bf8,502,4,2
0x9adc...d9eb,549,4,2
0xbf01...565d,150,5,1
0x3b60...c6d0,1002,3,4
0xd186...e4d8,500,4,2
0x6625...ca6a,1086,3,4
0xcc05...2835,1000,3,4
0x9582...4b22,1100,3,4
0x0538...91b2,1000,3,4
0x4683...d44d,1000,3,4
0x83a3...a3be,1057,3,4
0xabdb...e5cf,214,5,1
0x6100...9ebf,513,4,2
0x8c69...a353,1000,3,4
0xd6a5...ba07,501,4,2
0x0d51...d862,500,4,2
0xae59...83c2,1408,3,5
0x7b56...57a2,1011,3,4
0x5c50...437c,1050,3,4
0x0c4a...15ba,1000,3,4
0x8ca9...45d2,1001,3,4
0xcaab...5d41,500,4,2
0x2a37...e4a4,160,5,1
0xbaa5...1470,1000,3,4
0xfc88...c03e,500,4,2
0x04c1...a1aa,1021,3,4
0xad36...2b36,1072,3,4
0x8bfb...2558,1006,3,4
0x6437...c60e,1000,3,4
0xaea3...36f6,1000,3,4
0xb8d6...cb2d,167,5,1
0xfa18...9e26,170,5,1
0x4d70...0853,520,4,2
0x9d99...4f5a,500,4,2
0x0752...c807,501,4,2
0xc404...a385,501,4,2
0xadab...c47e,1004,3,4
0xa81d...2ba5,165,5,1
0xb114...7bde,503,4,2
0x4fbc...90e1,2029,3,8
0x087f...554b,1328,3,5
0xe3aa...0eac,2841,3,11
0xbaf7...c406,1756,3,7
0x79f1...cb4c,1001,3,4
0xc723...3890,151,5,1
0xc160...f7b1,1068,3,4
0x93b5...b8e2,200,5,1
0x6d49...1381,150,5,1
0xfe39...eb37,1000,3,4
0x4cf2...f852,1013,3,4
0x2738...57e0,500,4,2
0x97d3...a281,1001,3,4
0x2b67...358f,1010,3,4
0xe939...8055,152,5,1
0xd686...7b45,1006,3,4
0x6710...9ae7,150,5,1
0xcc52...25f3,540,4,2
0xd51a...98ff,1002,3,4
0x8f86...0fb2,1315,3,5
0x980b...53a2,2001,3,8
0x057e...99fb,164,5,1
0x8fb0...b198,168,5,1
0x42e2...fb22,1000,3,4
0x61f4...75d3,1002,3,4
0x35f6...dafb,500,4,2
0xb2e2...0175,1000,3,4
0x7358...bfea,694,4,2
0xf20f...1906,1006,3,4
0xdaab...4363,501,4,2
0x422c...c5dd,1000,3,4
0x09a7...0070,2490,3,9
0xba5b...b7cf,162,5,1
0x64c8...9100,507,4,2
0x0602...185b,154,5,1
0x3c7b...b82c,1016,3,4
0xd0dd...5781,150,5,1
0x8c19...4429,500,4,2
0x5ffc...aa6c,1000,3,4
0xb463...22c9,500,4,2
0x4c92...2d71,1002,3,4
0xe10d...e603,300,5,1
0xfe37...9f2a,1003,3,4
0x3d52...0e63,1521,3,6
0x82b4...c00b,150,5,1
0x2fbe...373a,150,5,1
0x6d34...e4a4,515,4,2
0x1519...8303,591,4,2
0xbfad...ad6c,1000,3,4
0x7a35...e347,2344,3,9
0x183e...120e,1006,3,4
0xb29d...3a3b,1001,3,4
0xf80c...d6ca,155,5,1
0x6f66...e856,1095,3,4
0x23f8...0724,150,5,1
0xc697...5e0e,1007,3,4
0x21fe...7a02,155,5,1
0x9003...76d2,154,5,1
0xdb90...e275,150,5,1
0x2348...35e1,1040,3,4
0xf50e...c8e0,511,4,2
0xef59...d3db,150,5,1
0x3bb1...b618,1000,3,4
0xb187...a919,506,4,2
0x6046...7e57,1007,3,4
0x639c...621d,223,5,1
0x68da...8e9a,1000,3,4
0x7bec...6968,1125,3,4
0x76c0...7bdf,1045,3,4
0x9ec3...d999,1009,3,4
0x68a1...23cc,150,5,1
0x81ce...8cf1,500,4,2
0x570c...e9d0,1049,3,4
0xf2e5...4443,150,5,1
0x4448...07ee,162,5,1
0xe7b3...5f5c,1000,3,4
0xce6c...6894,1000,3,4
0xce72...59a3,1010,3,4
0xc848...6ece,500,4,2
0x0fc9...46cb,153,5,1
0xad25...c967,152,5,1
0xc0af...89ee,152,5,1
0x986c...1e7e,500,4,2
0xfe84...8cb8,1000,3,4
0x2443...3332,501,4,2
0xf204...3baa,319,5,1
0x86c8...cf6e,501,4,2
0x4db9...cf27,1000,3,4
0x1dab...4daa,1011,3,4
0xc287...08ed,1012,3,4
0x7269...2613,1025,3,4
0x9057...9185,170,5,1
0xf097...610e,200,5,1
0xfaca...8884,1740,3,6
0x796b...180c,151,5,1
0xd514...22c4,164,5,1
0xd71a...9e22,1010,3,4
0xf8d2...9e71,505,4,2
0x2863...8031,1201,3,4
0xbd78...afaa,1003,3,4
0x0edd...1f40,150,5,1
0x71e4...3e7f,500,4,2
0xe8cf...8233,156,5,1
0x3846...6f46,510,4,2
0xa61b...7d68,500,4,2
0x36e0...52bd,1000,3,4
0x45b0...8637,1000,3,4
0xc8ec...a778,1001,3,4
0x3fea...f831,500,4,2
0xa275...6335,1007,3,4
0xf384...e554,151,5,1
0x3356...0379,513,4,2
0x3b0e...7a3c,176,5,1
0xe581...86af,501,4,2
0xeea7...4bc3,150,5,1
0x9dee...9927,1001,3,4
0x86ef...3197,154,5,1
0xbcca...4154,150,5,1
0x3ed1...d451,1084,3,4
0x5834...286a,1027,3,4
0x82c7...e13d,154,5,1
0x70cc...c649,1000,3,4
0x2ce3...1635,503,4,2
0x4ce7...4244,365,5,1
0x8e97...00e8,501,4,2
0x0693...522e,1002,3,4
0x396b...d2aa,3001,3,12
0xaee9...f049,500,4,2
0x5b0e...744a,151,5,1
0x46f3...bbe8,507,4,2
0x97ec...6050,150,5,1
0x9a63...9976,156,5,1
0x1c72...03a2,1045,3,4
0xbd5d...4bdb,150,5,1
0xd166...61ec,1001,3,4
0x833d...29bf,1074,3,4
0xacf1...c686,165,5,1
0xa169...6a2e,151,5,1
0x011d...fc83,1000,3,4
0xd622...741d,150,5,1
0xfaf2...d1c6,250,5,1
0x22a3...5128,501,4,2
0xb6ae...e316,160,5,1
0x7cdd...a398,1000,3,4
0xaba6...4ba9,150,5,1
0x705a...635d,1000,3,4
0xbe43...5e0b,1514,3,6
0x5087...76ec,150,5,1
0xa079...50c7,150,5,1
0xc627...ca7e,1250,3,5
0xe6f3...f23c,550,4,2
0xb133...4f3a,183,5,1
0x7422...b8a7,500,4,2
0x0223...b8b4,1000,3,4
0x7444...b844,1000,3,4
0x3e68...c119,509,4,2
0x5661...7eeb,1000,3,4
0x7934...be39,1118,3,4
0x7367...1907,1000,3,4
0x082c...c878,151,5,1
0x4f24...3c59,1010,3,4
0x933d...b244,1077,3,4
0xe5fc...f03d,1000,3,4
0xd2f1...9a08,163,5,1
0x5be2...f5bf,151,5,1
0x5358...76fc,1045,3,4
0x7022...6cf6,1000,3,4
0x40b7...a63f,500,4,2
0xb676...c44c,1000,3,4
0x1255...51a6,153,5,1
0x9292...02c0,225,5,1
0xf46d...3171,1042,3,4
0x7a78...f9d3,1001,3,4
0xb6fb...bb62,1032,3,4
0x4660...216f,155,5,1
0x409b...9f00,150,5,1
0x6c3a...6d80,501,4,2
0x8558...e58c,534,4,2
0x4f50...4815,1005,3,4
0xfd18...4a01,152,5,1
0xe1d2...55be,500,4,2
0x87e9...a142,2162,3,8
0xddd2...9d32,500,4,2
0x02c2...b179,1000,3,4
0x7361...fda6,2219,3,8
0xedbf...a1b5,1050,3,4
0x97c5...07e3,155,5,1
0x737b...e618,1004,3,4
0x53cf...31e7,1002,3,4
0x00ac...d697,1000,3,4
0x3d34...bcc7,500,4,2
0x7d9c...7ee2,160,5,1
0x2ad8...179f,165,5,1
0x20cb...f32d,1047,3,4
0xddda...9fd0,506,4,2
0x2fdb...32f0,151,5,1
0xa1f9...9609,1201,3,4
0x0972...3913,1008,3,4
0xea69...40ff,506,4,2
0x9e13...8215,1000,3,4
0x6d6d...8855,518,4,2
0x7591...c6e2,1001,3,4
0x8776...eb89,252,5,1
0xfa51...4dff,500,4,2
0x6eb4...03e4,2000,3,8
0x5d1a...b6e3,500,4,2
0xc20d...ff31,150,5,1
0x6c14...92b0,1000,3,4
0xb676...5bce,1000,3,4
0x00e9...d60a,1000,3,4
0x131f...41b9,664,4,2
0x405a...d179,1366,3,5
0x630c...1010,170,5,1
0x1efa...9253,179,5,1
0xf3b0...ede6,183,5,1
0x6baa...ef14,153,5,1
0x8a42...be70,150,5,1
0x4e9c...6d06,150,5,1
0xc583...5d5c,1008,3,4
0x2e56...e83d,1222,3,4
0x32b0...8b95,1068,3,4
0x3986...6f04,154,5,1
0x7aec...bb1d,268,5,1
0xa674...504c,1010,3,4
0x0466...be97,546,4,2
0x95f4...3b04,1008,3,4
0x4e7d...3fd0,1005,3,4
0xc8bd...1816,150,5,1
0x360f...cc95,1000,3,4
0x6c17...a444,503,4,2
0x7df2...c549,600,4,2
0xe0c2...5e2b,2750,3,11
0x2609...6a99,1000,3,4
0x11ee...f939,1006,3,4
0xc304...3fb5,150,5,1
0xbf27...241c,1000,3,4
0x942d...2666,589,4,2
0xbede...e159,1001,3,4
0x4cad...f9be,1009,3,4
0xbcf1...8bf7,1011,3,4
0x9f94...e272,1500,3,6
0x7147...5686,510,4,2
0x8a0a...e2de,150,5,1
0x2521...1a80,500,4,2
0xcc33...11da,150,5,1
0x4047...697b,150,5,1
0xedca...7038,215,5,1
0x86bf...743b,1000,3,4
0x1708...f578,1018,3,4
0xe564...14a4,150,5,1
0x608b...dc47,500,4,2
0xc1de...41b7,520,4,2
0x8639...1063,1001,3,4
0x1dc1...8a20,151,5,1
0xa03c...0e9e,150,5,1
0xe601...8c1e,1000,3,4
0x0386...e998,201,5,1
0x5072...9de1,1069,3,4
0x7362...4b22,500,4,2
0xb104...9d86,512,4,2
0xe553...b707,1007,3,4
0x2dc4...35e7,503,4,2
0x2bc9...faed,154,5,1
0x4ee0...3d17,1005,3,4
0x2ad9...8d14,1010,3,4
0xcee7...35b3,503,4,2
0x4e9b...39d6,362,5,1
0xfb34...3413,500,4,2
0xbd84...6a35,1000,3,4
0x52ce...122c,510,4,2
0x4254...b20f,1000,3,4
0x346c...7e57,256,5,1
0x7c13...663a,205,5,1
0x490e...4d0a,503,4,2
0xb132...3ec5,1000,3,4
0x0b56...428e,160,5,1
0x9d52...57d8,521,4,2
0x235f...22d2,150,5,1
0xc8a9...5204,156,5,1
0x0776...3829,169,5,1
0x3a38...adef,1740,3,6
0x6b9b...1b58,500,4,2
0xf9b1...0a5b,533,4,2
0x78a8...5bc7,150,5,1
0xa1bc...457f,151,5,1
0x831c...c4e7,1002,3,4
0x6b04...df93,273,5,1
0x966a...11be,594,4,2
0xb3b8...881b,1232,3,4
0x28bf...9322,507,4,2
0x7c72...8797,150,5,1
0xe3b7...393f,155,5,1
0x0e81...0ba6,156,5,1
0x5bff...9ef5,163,5,1
0x485e...cbcc,184,5,1
0x0cb0...59c8,503,4,2
0xa39e...8314,1000,3,4
0xe62d...21f0,151,5,1
0x8bd2...8b94,1000,3,4
0x9132...d650,502,4,2
0x0474...5a85,1000,3,4
0x93cf...f568,1010,3,4
0xd4ad...740d,1050,3,4
0xaa4e...f3bb,152,5,1
0x2769...c831,151,5,1
0x0d97...56d1,150,5,1
0x0b80...7e9f,1177,3,4
0x1183...fa99,151,5,1
0xa95f...d3de,514,4,2
0xa6c0...1170,150,5,1
0xe1a2...c67a,1001,3,4
0xb117...1432,520,4,2
0xd4f1...b713,1021,3,4
0xee3a...b094,1056,3,4
0x5342...111e,155,5,1
0xb73a...4568,503,4,2
0xc24d...27e8,1000,3,4
0x2804...ea94,1000,3,4
0x193a...e8ac,151,5,1
0x9aba...872a,1026,3,4
0xb7e0...7c5c,1003,3,4
0x54f9...03dc,500,4,2
0xed42...dc6d,1016,3,4
0xf7e1...38f6,1005,3,4
0xf6b9...aa1c,151,5,1
0xbcb2...3729,1000,3,4
0x6d9f...ec2e,176,5,1
0x5262...fd74,1000,3,4
0xf315...ff56,264,5,1
0x8a8a...c796,1002,3,4
0x773e...2446,1019,3,4
0x7bbc...eadf,500,4,2
0xf1da...7af8,150,5,1
0x9fbf...f1df,150,5,1
0x0836...f2e8,150,5,1
0x2a1b...923a,219,5,1
0xe35e...23c2,1000,3,4
0x252e...8586,1060,3,4
0x4a9c...cb66,151,5,1
0x622a...49c8,1001,3,4
0xbf30...ba72,157,5,1
0x1536...221e,152,5,1
0x81d1...d8b9,154,5,1
0x86b4...fcf9,500,4,2
0xc96f...6bcb,500,4,2
0x0052...52c1,500,4,2
0x5967...a437,1011,3,4
0xf8f6...b764,1057,3,4
0x7d37...b204,1000,3,4
0x87f5...a695,150,5,1
0x0f1b...04f5,150,5,1
0xa195...e312,150,5,1
0x82b7...369e,173,5,1
0x5733...e72a,1003,3,4
0xe63c...5ed5,155,5,1
0x919c...5a42,353,5,1
0xdb9d...37ca,1004,3,4
0xe923...a2fb,163,5,1
0xa4a7...f3e6,501,4,2
0x819a...d2c6,154,5,1
0xf5d6...610f,1000,3,4
0x4b54...36a0,503,4,2
0x7e50...e5d3,1100,3,4
0x7c8d...0e83,335,5,1
0x1707...6b06,156,5,1
0x045d...e696,150,5,1
0x52c2...fac9,150,5,1
0x5722...9e5f,1001,3,4
0xdf59...84e5,150,5,1
0xf85d...4e6d,507,4,2
0xa338...a60f,150,5,1
0x6632...bc0b,1052,3,4
0x896b...d2c8,505,4,2
0x495e...d23b,175,5,1
0x876c...8f48,150,5,1
0xf6fb...3702,150,5,1
0x4e54...69bf,1000,3,4
0xf3f7...e831,156,5,1
0xb10f...cb11,1026,3,4
0x2381...ce3b,1001,3,4
0xf934...00ae,150,5,1
0x827d...ab3b,210,5,1
0x794c...7bbe,150,5,1
0x4e65...c954,1000,3,4
0x2d9c...61e8,151,5,1
0x14d4...ca76,150,5,1
0x6adc...08fc,150,5,1
0x9de2...5a61,521,4,2
0x3d2c...faac,150,5,1
0x9980...4f3b,1007,3,4
0x5515...056a,559,4,2
0xc1d7...5ced,500,4,2
0xb3cf...155c,1000,3,4
0x35a2...4b81,1503,3,6
0x00ed...c2b6,502,4,2
0x9930...8553,150,5,1
0x3146...af50,1272,3,5
0x6516...4073,184,5,1
0x19c5...22a6,1291,3,5
0x1190...b27f,500,4,2
0xbcce...038e,2000,3,8
0x9a86...3bb1,152,5,1
0xf9f8...5974,1001,3,4
0x6f83...ab5c,151,5,1
0x86de...cd92,150,5,1
0xcdd2...be55,360,5,1
0xb83e...87ab,1010,3,4
0x3d39...b57a,436,5,1
0xefab...ac83,150,5,1
0x2f67...03b9,500,4,2
0xd462...b7a0,220,5,1
0x4596...bb2a,152,5,1
0xaac8...1d6a,165,5,1
0xd29f...92fc,500,4,2
0x2af6...a1c1,500,4,2
0x39d4...5c92,1000,3,4
0xcd10...2fa9,525,4,2
0xd5b5...6d37,158,5,1
0xad3f...6606,519,4,2
0x44c9...e42e,500,4,2
0x353c...e1ee,216,5,1
0x32e6...84e0,1004,3,4
0x79f9...0b84,1001,3,4
0x0748...c8cd,212,5,1
0x4bf0...8e01,150,5,1
0xc295...00a3,150,5,1
0xa3dd...d063,153,5,1
0x6e8a...1a07,528,4,2
0xbb0d...755c,500,4,2
0x5466...f544,511,4,2
0xeda4...eed9,1414,3,5
0xb47e...66ac,1003,3,4
0xa4ca...0d88,151,5,1
0x9230...88e2,180,5,1
0xcd17...0a6a,389,5,1
0x9617...d0de,1000,3,4
0x32c7...2e94,203,5,1
0x6934...9345,150,5,1
0x0837...d50f,152,5,1
0x5c4e...3f72,150,5,1
0x8b82...fd1b,153,5,1
0x5af7...4fa5,606,4,2
0xb33b...e7f1,500,4,2
0x0885...9526,183,5,1
0x6fd6...d7c7,1000,3,4
0x3e04...5c58,151,5,1
0x3c02...71ab,200,5,1
0x852e...0eb7,166,5,1
0x4c39...6819,241,5,1
0xf3ba...9d57,150,5,1
0x7de3...14d5,150,5,1
0x7d9a...ec8e,500,4,2
0x9424...d9dc,1013,3,4
0x542a...11e8,721,4,2
0xbdcb...0e9d,502,4,2
0xc8e0...b819,168,5,1
0x67da...c274,150,5,1
0xa358...a276,170,5,1
0xe011...5b54,1000,3,4
0xbce5...0150,1000,3,4
0xd145...4745,200,5,1
0x7a71...ef5c,153,5,1
0xc5a3...96f7,508,4,2
0x5b19...fd83,150,5,1
0x4f90...c48a,1000,3,4
0x7a01...6b01,253,5,1
0x0ec6...0e90,500,4,2
0xce78...d8fa,651,4,2
0xc832...0a0e,507,4,2
0x71f6...01d6,502,4,2
0x9054...3e47,1021,3,4
0x580c...b05b,500,4,2
0x0e91...9af1,1006,3,4
0x0b40...4f11,298,5,1
0x302d...5ade,501,4,2
0x7dba...9e2c,1000,3,4
0xf5b1...8229,199,5,1
0x65ac...117f,150,5,1
0xee5e...d4b4,512,4,2
0x85e0...df70,200,5,1
0x1b58...1e91,155,5,1
0xb1c8...7eae,500,4,2
0xdeda...0bc0,501,4,2
0x118e...d504,500,4,2
0xecf7...4433,150,5,1
0x29a2...5f62,150,5,1
0x23c7...7f2d,168,5,1
0x721e...a2ee,150,5,1
0xbccb...ed91,150,5,1
0x6872...570e,150,5,1
0x6229...c742,1002,3,4
0x7acc...b39e,500,4,2
0x637c...b7b8,1013,3,4
0xc74d...77f0,1000,3,4
0x0f85...c617,505,4,2
0xa63e...d068,166,5,1
0x6cce...29fc,500,4,2
0xe162...dd10,340,5,1
0xfff5...b455,1010,3,4
0x5e2d...5546,237,5,1
0x5948...f6a8,1000,3,4
0x84d1...5091,150,5,1
0xc29b...cc9e,200,5,1
0x6ac6...680b,1000,3,4
0x6b30...b9f1,150,5,1
0xf64d...09b0,243,5,1
0x99f6...a375,1006,3,4
0x3238...5564,500,4,2
0xef30...1f02,1084,3,4
0x13e0...95b3,150,5,1
0x868e...b7e6,501,4,2
0xeb61...507e,501,4,2
0xd5ea...6b0d,150,5,1
0x0687...0643,150,5,1
0x0adc...9e94,155,5,1
0xc29c...9496,153,5,1
0xfc9c...7c4e,210,5,1
0xf3f1...0239,507,4,2
0xb307...46ab,200,5,1
0xe5c3...20b6,160,5,1
0x9878...d0e3,1030,3,4
0xe8fb...8a09,510,4,2
0x30d9...f7cb,500,4,2
0x3c34...a851,150,5,1
0x006f...60ee,152,5,1
0xd434...bc86,1000,3,4
0x844e...b353,502,4,2
0xb1c7...38e3,1000,3,4
0xa796...cec3,160,5,1
0x97a1...ce92,150,5,1
0x431b...32b6,159,5,1
0x581b...c615,500,4,2
0xc066...bc28,150,5,1
0xe415...f70d,510,4,2
0x951a...543b,150,5,1
0x242f...5d18,1000,3,4
0xa370...62ac,150,5,1
0x8ceb...f1ee,1009,3,4
0x2627...a9d1,160,5,1
0x9a33...34bf,1006,3,4
0x6f51...c4e0,150,5,1
0x2820...ad30,213,5,1
0x88d4...666e,155,5,1
0xb96d...fe9a,151,5,1
0x3e0d...0a7d,322,5,1
0xfbde...b2a2,150,5,1
0xf712...48d2,150,5,1
0x03c6...4f17,282,5,1
0x6812...7690,501,4,2
0x8eb2...e88c,160,5,1
0x7676...9973,150,5,1
0x63cb...178e,522,4,2
0x3890...3a5c,156,5,1
0xce6d...6059,155,5,1
0xc9e6...a009,500,4,2
0x9221...dfef,150,5,1
0xfcc0...b598,501,4,2
0xcb7e...316b,150,5,1
0x4c78...e5b3,600,4,2
0xb9bc...1a6b,151,5,1
0x281f...b674,200,5,1
0xf8b7...d1c8,155,5,1
0x6b4d...8d1a,150,5,1
0x653a...88fe,150,5,1
0x712a...b78e,156,5,1
0xaa6b...a173,150,5,1
0x96c7...6db1,1001,3,4
0x2e26...f47f,1000,3,4
0x77a7...0e14,226,5,1
0x33f5...94ad,171,5,1
0xf64e...278f,501,4,2
0x2039...b95e,183,5,1
0x8e2b...6c01,204,5,1
0x1c72...d414,510,4,2
0x7b1a...006a,169,5,1
0x552c...3fb0,1010,3,4
0xcfbe...cf5c,1042,3,4
0x6c13...bfb4,155,5,1
0x1563...5ba0,501,4,2
0x5602...6791,1005,3,4
0x7b10...cba6,500,4,2
0xaa97...b82d,150,5,1
0xd2dd...7a40,150,5,1
0xa244...0557,160,5,1
0x4e70...711e,150,5,1
0x7628...ba01,227,5,1
0x6324...2a72,151,5,1
0x159d...15b7,155,5,1
0xf0ce...5cd8,165,5,1
0x0cbf...d692,1109,3,4
0xfd78...8601,1250,3,5
0xa415...5205,160,5,1
0x5b88...011b,150,5,1
0x4614...b23a,503,4,2
0x1bb9...775d,154,5,1
0x1eb9...9854,150,5,1
0x8cec...4805,226,5,1
0xd4da...f87a,150,5,1
0xdf2e...dc80,1000,3,4
0x2a07...239e,155,5,1
0x2590...bed8,1247,3,4
0x9702...7664,161,5,1
0xf643...4ce4,157,5,1
0x60bd...b183,165,5,1
0xc554...df5c,161,5,1
0x0130...363c,195,5,1
0x80d5...ef9a,164,5,1
0xaf03...87af,670,4,2
0x9305...6f93,300,5,1
0xa55f...d148,155,5,1
0xb959...9e3e,151,5,1
0x0308...b9d0,1027,3,4
0x380d...b101,503,4,2
0x91b9...5d48,154,5,1
0x622d...056e,170,5,1
0x7841...8dbc,1000,3,4
0xdcdc...1430,150,5,1
0xfb44...fa58,300,5,1
0x0e4b...fc4e,160,5,1
0x73ef...bfe3,155,5,1
0xbca6...aeca,150,5,1
0xd546...2354,501,4,2
0x0e4f...e6f8,164,5,1
0x4ba1...213e,160,5,1
0x005c...c6ed,504,4,2
0x3a4a...e3d6,180,5,1
0xc054...3c46,1000,3,4
0x77cc...c4d6,500,4,2
0x7160...8796,158,5,1
0x5061...350e,152,5,1
0xc3ca...62e4,155,5,1
0xf3d7...853e,150,5,1
0x28e7...d7d5,507,4,2
0x5b5d...9c27,513,4,2
0xb00f...0791,1038,3,4
0xf9c8...f059,548,4,2
0x6725...264b,500,4,2
0x586b...4f10,378,5,1
0xcc22...52ca,300,5,1
0xe679...d775,150,5,1
0xbf86...74cb,1000,3,4
0x2f54...4c1d,158,5,1
0xda17...9035,160,5,1
0xae49...8d6d,160,5,1
0x98c4...7b5f,150,5,1
0xb16e...8397,150,5,1
0xb30f...cb8d,507,4,2
0x4db3...bc3f,151,5,1
0x5b9c...05bf,224,5,1
0x5775...52fb,153,5,1
0x3048...fb45,559,4,2
0xcf73...77e5,500,4,2
0x55c1...a7a7,150,5,1
0xfa2e...d5b6,153,5,1
0x0290...2271,155,5,1
0x6796...8ee6,150,5,1
0xf4c4...ef5c,150,5,1
0xd552...cf84,500,4,2
0x0df1...b2aa,171,5,1
0x4f7c...30d7,346,5,1
0xcb87...641e,152,5,1
0x9e46...a8cf,150,5,1
0x5c22...c7ec,160,5,1
0x3667...f4b8,158,5,1
0x397d...48b9,325,5,1
0xaf9b...ec96,152,5,1
0xc619...5f0c,157,5,1
0x3958...f104,150,5,1
0x4502...ba5e,180,5,1
0x31de...e7c8,157,5,1
0xa9f6...191c,500,4,2
0x6e69...b3c4,173,5,1
0x398e...2a18,151,5,1
0x19a9...a052,184,5,1
0xfc53...b92c,150,5,1
0x5fb4...dcb9,150,5,1
0xbf51...839c,152,5,1
0x0ebf...cced,385,5,1
0xef18...4391,150,5,1
0x025a...69dc,285,5,1
0x1d97...0702,163,5,1
0xc37e...2ca7,150,5,1
0x0955...26c1,168,5,1
0xd3ae...77e7,1004,3,4
0x855e...3cc6,517,4,2
0xd6f6...bb89,153,5,1
0x69d5...32b5,150,5,1
0xbe4b...7b74,151,5,1
0x1ca8...1f2a,151,5,1
0x22c4...73f0,200,5,1
0x2959...ae93,192,5,1
0x3d5d...3d7e,151,5,1
0xf0a2...3e07,151,5,1
0xa099...dbce,1000,3,4
0x78cb...70f6,150,5,1
0xe7c0...16ed,150,5,1
0xde8f...198b,158,5,1
0x9e7f...805f,150,5,1
0x14f5...96b7,153,5,1
0x3737...e8b1,152,5,1
0xd15e...5f7f,150,5,1
0x78b2...c9d9,157,5,1
0x058a...b4e1,151,5,1
0xa0a6...5644,151,5,1
0x3769...5c12,500,4,2
0xe7db...e399,150,5,1
0x6f03...ce37,512,4,2
0xdc9c...7484,157,5,1
0x02d9...c6f7,168,5,1
0xdb49...5476,155,5,1
0x8011...d0bb,150,5,1
0xbc6b...1f6e,150,5,1
0x24b2...0b1f,157,5,1
0x6a9d...7a20,204,5,1
0x467d...ae69,160,5,1
0x52f8...7434,150,5,1
0x93f5...b0ed,157,5,1
0x745b...e7c3,151,5,1
0xf65c...879a,159,5,1
0x8f7a...70e4,500,4,2
0x099d...eb38,152,5,1
0x787d...e18e,151,5,1
0x3265...6426,150,5,1
0x4a51...6b04,206,5,1
0xb27f...0343,150,5,1
0x5927...c435,150,5,1
0xb5e6...94f2,150,5,1
0xfd31...7030,151,5,1
0x65d3...4381,500,4,2
0x78d0...ba97,300,5,1
0x85f2...a179,151,5,1
0xb231...528b,151,5,1
0x3d93...0cae,156,5,1
0x3aed...091a,407,5,1
0x4388...240a,152,5,1
0x6b12...5328,151,5,1
0x9279...bec9,500,4,2
0x75c9...0fd3,160,5,1
0x26de...8fcf,150,5,1
0x46e1...c8d1,150,5,1
0x0ac8...65cf,160,5,1
0x3695...78ff,501,4,2
0x0b76...5612,150,5,1
0x30ee...19e7,150,5,1
0xccd9...f58e,515,4,2
0x91ff...9d07,309,5,1
0x1942...a5bf,151,5,1
0xe5d0...e53d,218,5,1
0x94c9...2c78,156,5,1
0xb80c...efa0,160,5,1
0x7c5a...2afe,174,5,1
0x9c58...b893,151,5,1
0xac4e...1957,150,5,1
0x2099...c80c,153,5,1
0x1150...e5a8,500,4,2
0x5e5a...e622,500,4,2
0x5c98...e3cb,154,5,1
0xa282...48f2,305,5,1
0x96b8...d1e3,150,5,1
0xa767...799c,150,5,1
0x840e...e54a,150,5,1
0x7ad6...38b8,150,5,1
0x891e...5c44,186,5,1
0x89e4...c382,160,5,1
0x465d...d894,514,4,2
0xdc51...5879,494,5,1
0xd114...1b93,161,5,1
0xf6dc...068d,162,5,1
0xadda...928b,291,5,1
0x672c...60e5,157,5,1
0xc95e...3f23,153,5,1
0x16a6...8ca1,500,4,2
0x5dc2...c330,1014,3,4
0x721e...b771,600,4,2
0xc925...5610,171,5,1
0xe763...6e86,150,5,1
0xbf8d...7fdc,150,5,1
0xb83d...cc34,181,5,1
0x1443...71c1,273,5,1
0x3d08...9849,250,5,1
0x6398...7603,155,5,1
0x3e30...1708,502,4,2
0xaa26...e3bf,151,5,1
0x2d6c...0116,155,5,1
0xdcae...82c4,163,5,1
0xce1b...87c6,150,5,1
0xbf80...32a1,150,5,1
0xc6d5...dfa7,164,5,1
0x68ee...0ad8,169,5,1
0x6a96...a288,165,5,1
0x4a99...11ce,150,5,1
0xb6a6...def7,155,5,1
0x1e85...a8f5,220,5,1
0x03d4...401e,500,4,2
0xe1d6...df90,505,4,2
0x4186...8cff,151,5,1
0x9989...31f1,154,5,1
0xb223...9f2c,150,5,1
0xf27a...e127,155,5,1
0xab9b...fb4f,504,4,2
0xd916...8e33,150,5,1
0x6792...fe5a,150,5,1
0x0483...65de,152,5,1
0x4f3f...4a31,152,5,1
0x3205...b960,150,5,1
0xf81b...c96c,151,5,1
0x4590...662b,157,5,1
0x537c...cadf,155,5,1
0xb721...6259,152,5,1
0x3ea1...3daa,150,5,1
0xe8fd...88fe,200,5,1
0xe505...28df,179,5,1
0xb5cf...e28f,150,5,1
0x69e2...7a79,150,5,1
0xf2e4...7cd1,151,5,1
0x298b...5563,288,5,1
0xc675...9a84,150,5,1
0x3fb9...80b2,150,5,1
0xacf1...53c2,159,5,1
0xc4f8...2937,216,5,1
0x01ed...c55e,506,4,2
0x4e66...db70,150,5,1
0xfd4a...22f8,151,5,1
0x06a6...ad35,150,5,1
0xe859...05af,501,4,2
0x89a8...5b0d,246,5,1
0x2e98...f1c9,158,5,1
0xbb34...368f,353,5,1
0x559c...0ee7,150,5,1
0x5142...5013,503,4,2
0x88f3...a870,150,5,1
0x127c...5811,156,5,1
0xb607...4e40,226,5,1
0xd5ad...a033,361,5,1
0x3efd...9d06,261,5,1
0x86fe...f277,152,5,1
0xb443...5ef4,157,5,1
0x17a5...1eed,150,5,1
0x8f99...3fe9,150,5,1
0xaa67...c1f0,155,5,1
0xfdc2...3437,185,5,1
0x8d54...d14c,150,5,1
0xdaa4...d794,155,5,1
0xbb2d...5fd4,168,5,1